"program_id";"program_name"
"a7139a9e-f673-11ee-850e-34735ab0864a";"Strategic Information and Evaluation"
"a713a8c2-f673-11ee-850e-34735ab0864a";"Sexual and Reproductive Health"
"a713a9e8-f673-11ee-850e-34735ab0864a";"TB case management"
"a713aa3d-f673-11ee-850e-34735ab0864a";"VMMC"
"a713aa81-f673-11ee-850e-34735ab0864a";"STI"
"a713aaca-f673-11ee-850e-34735ab0864a";"ART"
"a713ab0e-f673-11ee-850e-34735ab0864a";"Clinical Mentorship"
"a713ab4b-f673-11ee-850e-34735ab0864a";"TB/HIV"
"a713ab96-f673-11ee-850e-34735ab0864a";"ART"
"a713abd2-f673-11ee-850e-34735ab0864a";"EPI"
"a713ac07-f673-11ee-850e-34735ab0864a";"HTS"
"a713ac42-f673-11ee-850e-34735ab0864a";"Quality Improvement"
