"title_id";"title"
"b4abef6c-fb34-11ee-8cc0-34735ab0864a";"Nurse"
"b4ac0f93-fb34-11ee-8cc0-34735ab0864a";"Pharmacy"
"b4ac125b-fb34-11ee-8cc0-34735ab0864a";"Laboratory"
"b4ac1317-fb34-11ee-8cc0-34735ab0864a";"Clinical"
"b4ac1390-fb34-11ee-8cc0-34735ab0864a";"Rehabilitation"
"b4ac1413-fb34-11ee-8cc0-34735ab0864a";"Nutrition"
"b4ac1493-fb34-11ee-8cc0-34735ab0864a";"Environmental Health"
"b4ac150d-fb34-11ee-8cc0-34735ab0864a";"Health Information"
"b4ac1c4c-fb34-11ee-8cc0-34735ab0864a";"Administration"
"b4ac1d62-fb34-11ee-8cc0-34735ab0864a";"Dental Services"
"b4ac1de8-fb34-11ee-8cc0-34735ab0864a";"Health Promotion"
"b4ac1e63-fb34-11ee-8cc0-34735ab0864a";"Radiographer"
"b4ac1ee3-fb34-11ee-8cc0-34735ab0864a";"Other Health Staff"
